,name,mKate_pix,mKate_pix_std,GFP_pix,GFP_pix_std,mKate_mean,mKate_std,GFP_mean,GFP_std,pix_ratio_mean,pix_ratio_std,intensity_ratio_mean,intensity_ratio_std,sum_ratio,code,subblock,sequence,log_mKate,log_GFP,bin_mKate,mKate_above_parent,bin_GFP,GFP_above_parent,bin_sum_ratio,sum_ratio_above_parent
0,cschrimson,1.0,0.158569327887,1.0,0.172025889648,1.0,0.122155739432,1.0,0.0590923865462,1.0,0.0234986505521,1.0,0.0674342715597,1.00085726924,2222222222,222222222222222222222222,GFDELAKGAVVPEDHFVCGPA-DKCYCSAWLHSRGTPGEKIGAQVCQWIAFSIAIALLTFYGFSAWKATCGWEEVYVCCVEVLFVTLEIFKEFSSPATVYLSTGNHAYCLRYFEWLLSCPVILIRLSNLSGLKNDYSKRTMGLIVSCVGMIVFGMAAGLATDWLKWLLYIVSCIYGGYMYFQAAKCYVEANHSVPKGHCRMVVKLMAYAYFASWGSYPILWAVGPEGLLKLSPYANSIGHSICDIIAKEFWTFLAHHLRIKIHEHILIHGDIRKTTKMEIGGEEVEVEEFVEEE,0.0,0.0,1,1,1,1,1,1
1,c1c2,0.773678957876,0.131951143751,0.750987237926,0.142870574024,1.02701045803,0.138431561162,0.392810149142,0.0478288864686,0.965317840633,0.0295017890717,0.394927478368,0.0601189091762,0.378076447673,1111111111,111111111111111111111111,RMLFQTSYTLENNGSVICIPNNGQCFCLAWLKSNGTNAEKLAANILQWITFALSALCLMFYGYQTWKSTCGWEEIYVATIEMIKFIIEYFHEFDEPAVIYSSNGNKTVWLRYAEWLLTCPVILIHLSNLTGLANDYNKRTMGLLVSDIGTIVWGTTAALSKGYVRVIFFLMGLCYGIYTFFNAAKVYIEAYHTVPKGRCRQVVTGMAWLFFVSWGMFPILFILGPEGFGVLSVYGSTVGHTIIDLMSKNCWGLLGHYLRVLIHEHILIHGDIRKTTKLNIGGTEIEVETLVEDE,0.0266521139812,-0.934428864898,1,1,1,1,1,1
2,cheriff,0.793802327874,0.264332758257,0.648891029632,0.206416880379,0.160505347908,0.00459901777125,0.474114681535,0.0226997128593,0.826172933007,0.0132968373846,2.91880073066,0.056943706255,0.391529936343,0000000000,000000000000000000000000,EYHAPAGYQVNPPYHPVHGYE---EQCSSIYIYYGALWEQETARGFQWFAVFLSALFLAFYGWHAYKASVGWEEVYVCSVELIKVILEIYFEFTSPAMLFLYGGNITPWLRYAEWLLTCPVILIHLSNITGLSEAYNKRTMALLVSDLGTICMGVTAALATGWVKWLFYCIGLVYGTQTFYNAGIIYVESYYIMPAGGCKKLVLAMTAVYYSSWLMFPGLFIFGPEGMHTLSVAGSTIGHTIADLLSKNIWGLLGHFLRIKIHEHIIMYGDIRRPVSSQFLGRKVDVLAFVTEE,-1.82942801667,-0.746306042384,-1,1,1,1,1,1
3,n1_2,0.108467301712,0.0519605255249,0.00988630629539,0.00571907164764,0.319343998562,0.114038003728,0.0692586464116,0.0210687850894,0.0973924548212,0.012948162887,0.273047877962,0.17118774369,0.00699835717173,1122220121,011202121221112122211122,EYHAPAGYQVNPPYHPVHGYE---EQCSSIYIYYGTNAEKLAANILQWITFALSALCLMFYGFSAWKATCGWEEVYVCCVEVLFVTLEIFKEFSSPAMLFLYTGNITPWLRYAEWLLSCPVILIHLSNLSGLKNDYSKRTMGLLVSDIGTIVWGTTAALATDWLKWLLYIVSCIYGIYTFFNAAKVYIEANHSVPKGHCRMVVKLMAYAYFASWGMFPILFILGPEGFGVLSVYGSTVGHTIIDLMSKNCWGLLGHHLRIKIHEHILIHGDIRKTTKMEIGGEEVEVEEFVEEE,-1.14148639182,-2.66990728378,-1,1,-1,-1,-1,-1
4,n2_2,0.189803440293,0.05667428433,0.0200698026608,0.0136442495688,0.245539925015,0.0863070963567,0.0695246082883,0.0393517088005,0.0980595241037,0.0336253638687,0.305039231104,0.107365240072,0.00805189849063,1122222121,211222121221112122211122,GFDELAKGAVVPEDHFVCGPA-DKCYCSAWLHSRGTNAEKLAANILQWITFALSALCLMFYGFSAWKATCGWEEVYVCCVEVLFVTLEIFKEFSSPATVYLSTGNHAYWLRYAEWLLSCPVILIHLSNLSGLKNDYSKRTMGLLVSDIGTIVWGTTAALATDWLKWLLYIVSCIYGIYTFFNAAKVYIEANHSVPKGHCRMVVKLMAYAYFASWGMFPILFILGPEGFGVLSVYGSTVGHTIIDLMSKNCWGLLGHHLRIKIHEHILIHGDIRKTTKMEIGGEEVEVEEFVEEE,-1.40429571762,-2.66607451299,-1,1,-1,-1,-1,-1
5,n3_2,0.0902231188213,0.0234901274078,0.00708180963313,0.00452276823419,0.284749209663,0.0736795124814,0.0441725948404,0.018765655935,0.0774583903017,0.0379125377304,0.189516554214,0.0550184385499,0.0039906494711,2122220121,011202121221112122212122,EYHAPAGYQVNPPYHPVHGYE---EQCSSIYIYYGTNAEKLAANILQWITFALSALCLMFYGFSAWKATCGWEEVYVCCVEVLFVTLEIFKEFSSPAMLFLYTGNITPWLRYAEWLLSCPVILIHLSNLSGLKNDYSKRTMGLLVSDIGTIVWGTTAALATDWLKWLLYIVSCIYGIYTFFNAAKVYIEANHSVPKGHCRMVVKLMAYAYFASWGMFPILWAVGPEGLLKLSVYGSTVGHTIIDLMSKNCWGLLGHHLRIKIHEHILIHGDIRKTTKMEIGGEEVEVEEFVEEE,-1.25614645221,-3.11965070843,-1,1,-1,-1,-1,-1
6,n4_2,0.582842885522,0.126639206514,0.359459638255,0.0568980139466,0.251008021207,0.0869601030707,0.271845275688,0.0372193810816,0.630855802861,0.0386533796068,1.28338344195,0.34171032326,0.172541086089,0211111212,122111212112221211120211,RMLFQTSYTLENNGSVICIPNNGQCFCLAWLKSNGTPGEKIGAQVCQWIAFSIAIALLTFYGYQTWKSTCGWEEIYVATIEMIKFIIEYFHEFDEPAVIYSSNGNKTVCLRYFEWLLTCPVILIRLSNLTGLANDYNKRTMGLIVSCVGMIVFGMAAGLSKGYVRVIFFLMGLCYGGYMYFQAAKCYVEAYHTVPKGRCRQVVTGMAWLFFVSWGSYPGLFIFGPEGMHTLSPYANSIGHSICDIIAKEFWTFLAHYLRVLIHEHILIHGDIRKTTKLNIGGTEIEVETLVEDE,-1.38227038336,-1.30252221392,-1,1,-1,-1,-1,-1
7,n5_2,0.864578637293,0.134333295913,0.673642633458,0.121949365775,0.692937166888,0.0705547092854,0.698292846632,0.0714245158123,0.770881477878,0.0315406303297,1.02813407085,0.207748731058,0.538224377822,2211112212,222121212112221211122211,GFDELAKGAVVPEDHFVCGPA-DKCYCSAWLHSRGTPGEKIGAQVCQWIAFSIAIALLTFYGYQTWKSTCGWEEIYVATIEMIKFIIEYFHEFDSPATVYLSNGNHAYCLRYFEWLLTCPVILIRLSNLTGLANDYNKRTMGLIVSCVGMIVFGMAAGLSKGYVRVIFFLMGLCYGGYMYFQAAKCYVEAYHTVPKGRCRQVVTGMAWLFFVSWGSYPILWAVGPEGLLKLSPYANSIGHSICDIIAKEFWTFLAHYLRVLIHEHILIHGDIRKTTKLNIGGTEIEVETLVEDE,-0.366815952174,-0.359116713158,1,1,1,1,1,1
8,n6_2,0.248636673819,0.0467574865703,0.00769340453054,0.00222446430596,0.36665256088,0.15133908926,0.0271344105187,0.00792784382547,0.031851810633,0.00802764001517,0.083855584695,0.0356506059065,0.00092778260371,2120222120,211222121200112022212122,GFDELAKGAVVPEDHFVCGPA-DKCYCSAWLHSRGTNAEKLAANILQWITFALSALCLMFYGFSAWKATCGWEEVYVCCVEVLFVTLEIFKEFSSPATVYLSTGNHAYWLRYAEWLLSCPVILIHLSNLSGLSEAYNKRTMALLVSDIGTIVWGTTAALATDWLKWLLYIVSCIYGTQTFYNAGIIYVEANHSVPKGHCRMVVKLMAYAYFASWGMFPILWAVGPEGLLKLSVYGSTVGHTIIDLMSKNCWGLLGHHLRIKIHEHILIHGDIRKTTKMEIGGEEVEVEEFVEEE,-1.00334057993,-3.60695259572,-1,1,-1,-1,-1,-1
9,n7_2,0.167172274165,0.10404344872,0.0134928574097,0.0127820006277,0.26006020601,0.0871456654014,0.0988113386487,0.0723044633159,0.0683136394473,0.0205840712162,0.460073479643,0.354460585689,0.00592762661465,0120220000,011200021200000022210122,EYHAPAGYQVNPPYHPVHGYE---EQCSSIYIYYGTNAEKLAANILQWITFALSALCLMFYGFSAWKATCGWEEVYVCCVEVLFVTLEIFKEFSSPAMLFLYGGNITPWLRYAEWLLSCPVILIHLSNLSGLSEAYNKRTMALLVSDLGTICMGVTAALATGWVKWLFYCIGLVYGTQTFYNAGIIYVEANHSVPKGHCRMVVKLMAYAYFASWGMFPGLFIFGPEGMHTLSVYGSTVGHTIIDLMSKNCWGLLGHHLRIKIHEHILIHGDIRKTTKMEIGGEEVEVEEFVEEE,-1.3468421132,-2.31454291716,-1,1,-1,-1,-1,-1
10,n8_2,0.868070825133,0.0803226182875,0.765167842318,0.0735071291471,0.862321995991,0.0785706900282,1.04525564505,0.0601849461301,0.882174849942,0.0392377335484,1.23386588043,0.172475871094,0.923801831959,1222122222,222222222122222212221221,GFDELAKGAVVPEDHFVCGPA-DKCYCSAWLHSRGTPGEKIGAQVCQWIAFSIAIALLTFYGFSAWKATCGWEEVYVCCVEVLFVTLEIFKEFSSPATVYLSTGNHAYCLRYFEWLLSCPVILIRLSNLTGLKNDYSKRTMGLIVSCVGMIVFGMAAGLATDWLKWLLYIVSCIYGGYMYFQAAKCYVEAYHTVPKGHCRMVVKLMAYAYFASWGSYPILFILGPEGFGVLSPYANSIGHSICDIIAKEFWTFLAHHLRIKIHEHILIHGDIRKTTKLNIGGTEIEVETLVEDE,-0.148126532836,0.0442614919096,1,1,1,1,1,1
11,c1_2,1.0010455476,0.146753626223,1.03547694336,0.0704262298963,0.796771695457,0.251285942733,0.665500547311,0.0994974303417,1.05027774673,0.09057853462,0.891049080091,0.114918505273,0.703193483158,2222221220,222222222222222211222220,GFDELAKGAVVPEDHFVCGPA-DKCYCSAWLHSRGTPGEKIGAQVCQWIAFSIAIALLTFYGFSAWKATCGWEEVYVCCVEVLFVTLEIFKEFSSPATVYLSTGNHAYCLRYFEWLLSCPVILIRLSNLSGLKNDYSKRTMGLIVSCVGMIVFGMAAGLATDWLKWLLYIVSCIYGGYMYFQAAKCYVEAYHTVPKGRCRQVVTGMAWLFFVSWGSYPILWAVGPEGLLKLSPYANSIGHSICDIIAKEFWTFLAHHLRIKIHEHIIMYGDIRRPVSSQFLGRKVDVLAFVTEE,-0.227187096113,-0.407215818742,1,1,1,1,1,1
12,c2_2,0.178774487736,0.0645171213284,0.0138331607054,0.00549915996889,0.388632934278,0.157504382498,0.0687624246994,0.019244610678,0.0785768893571,0.0127348226912,0.228924313183,0.100794575006,0.00521992239561,1102212212,110022222222211122222112,RMLFQTSYTLENNGSVICIPNNGQCFCLAWLKSNGTNAEKLAANILQWIAVFLSALFLAFYGWHAYKASVGWEEVYVCSVELIKVILEIYFEFTSPATVYLSTGNHAYCLRYFEWLLSCPVILIRLSNLSGLKNDYSKRTMGLIVSDIGTIVWGTTAALSKGYVRVIFFLMGLCYGIYTFFNAAKVYIEANHSVPKGHCRMVVKLMAYAYFASWGSYPILWAVGPEGLLKLSVYGSTVGHTIIDLMSKNCWGLLGHYLRVLIHEHILIHGDIRKTTKMEIGGEEVEVEEFVEEE,-0.945119994529,-2.67709783586,1,1,-1,-1,-1,-1
13,c4_2,1.04128775256,0.142880451065,0.97832191755,0.126540928858,0.773100213376,0.269007791036,0.952170861854,0.124525996751,0.957738264204,0.0637738607451,1.32600018087,0.2518614002,0.917673169184,2222221221,222222222222222211222221,GFDELAKGAVVPEDHFVCGPA-DKCYCSAWLHSRGTPGEKIGAQVCQWIAFSIAIALLTFYGFSAWKATCGWEEVYVCCVEVLFVTLEIFKEFSSPATVYLSTGNHAYCLRYFEWLLSCPVILIRLSNLSGLKNDYSKRTMGLIVSCVGMIVFGMAAGLATDWLKWLLYIVSCIYGGYMYFQAAKCYVEAYHTVPKGRCRQVVTGMAWLFFVSWGSYPILWAVGPEGLLKLSPYANSIGHSICDIIAKEFWTFLAHHLRIKIHEHILIHGDIRKTTKLNIGGTEIEVETLVEDE,-0.257346596655,-0.0490107835574,1,1,1,1,1,1
